1,google.com
2,facebook.com
3,youtube.com
4,yahoo.com
5,baidu.com
6,amazon.com
7,wikipedia.org
8,taobao.com
9,twitter.com
10,qq.com
11,google.co.in
12,live.com
13,sina.com.cn
14,linkedin.com
15,weibo.com
16,yahoo.co.jp
17,tmall.com
18,ebay.com
19,google.co.jp
20,blogspot.com
21,yandex.ru
22,google.de
23,vk.com
24,hao123.com
25,bing.com
26,t.co
27,msn.com
28,google.co.uk
29,amazon.co.jp
30,sohu.com
31,onclickads.net
32,google.fr
33,ask.com
34,google.com.br
35,instagram.com
36,reddit.com
37,mail.ru
38,aliexpress.com
39,wordpress.com
40,pinterest.com
41,paypal.com
42,xvideos.com
43,gmail.com
44,tumblr.com
45,google.ru
46,imgur.com
47,microsoft.com
48,google.it
49,apple.com
50,fc2.com
51,google.es
52,alibaba.com
53,adcash.com
54,imdb.com
55,360.cn
56,googleadservices.com
57,amazon.de
58,diply.com
59,netflix.com
60,craigslist.org
61,ok.ru
62,google.ca
63,stackoverflow.com
64,google.com.mx
65,xhamster.com
66,naver.com
67,tianya.cn
68,go.com
69,pornhub.com
70,google.com.hk
71,google.com.tr
72,rakuten.co.jp
73,amazon.co.uk
74,bbc.co.uk
75,people.com.cn
76,ebay.de
77,kickass.to
78,cntv.cn
79,xinhuanet.com
80,gmw.cn
81,google.co.id
82,soso.com
83,amazon.cn
84,nicovideo.jp
85,google.pl
86,cnn.com
87,google.com.au
88,outbrain.com
89,dailymotion.com
90,dropbox.com
91,163.com
92,youku.com
93,flipkart.com
94,googleusercontent.com
95,chinadaily.com.cn
96,pixnet.net
97,alipay.com
98,google.co.kr
99,bycontext.com
100,amazon.in
101,directrev.com
102,livedoor.com
103,jd.com
104,booking.com
105,github.com
106,ebay.co.uk
107,espn.go.com
108,google.com.tw
109,indiatimes.com
110,adobe.com
111,huffingtonpost.com
112,wikia.com
113,xnxx.com
114,nytimes.com
115,dailymail.co.uk
116,blogger.com
117,uol.com.br
118,google.com.sa
119,chase.com
120,youradexchange.com
121,buzzfeed.com
122,china.com
123,google.com.eg
124,google.nl
125,tudou.com
126,sogou.com
127,coccoc.com
128,google.co.th
129,dmm.co.jp
130,blogspot.in
131,google.com.ar
132,popads.net
133,ettoday.net
134,bankofamerica.com
135,douban.com
136,ameblo.jp
137,slideshare.net
138,flickr.com
139,google.com.pk
140,pconline.com.cn
141,amazonaws.com
142,globo.com
143,redtube.com
144,warmportrait.com
145,bongacams.com
146,walmart.com
147,about.com
148,daum.net
149,etsy.com
150,amazon.fr
151,cnet.com
152,aol.com
153,theguardian.com
154,youporn.com
155,yelp.com
156,weather.com
157,bbc.com
158,naver.jp
159,life.com.tw
160,quora.com
161,loading-delivery1.com
162,twitch.tv
163,zillow.com
164,snapdeal.com
165,indeed.com
166,adf.ly
167,mystart.com
168,deviantart.com
169,stackexchange.com
170,wellsfargo.com
171,google.co.za
172,google.co.ve
173,forbes.com
174,vimeo.com
175,microsoftonline.com
176,stamplive.com
177,google.gr
178,godaddy.com
179,office365.com
180,reference.com
181,amazon.it
182,wordpress.org
183,soundcloud.com
184,leboncoin.fr
185,bp.blogspot.com
186,wikihow.com
187,ilividnewtab.com
188,feedly.com
189,themeforest.net
190,tripadvisor.com
191,tubecup.com
192,doublepimp.com
193,thepiratebay.se
194,espncricinfo.com
195,salesforce.com
196,allegro.pl
197,google.com.ua
198,popcash.net
199,zol.com.cn
200,ifeng.com
201,livejournal.com
202,foxnews.com
203,onet.pl
204,homedepot.com
205,businessinsider.com
206,ikea.com
207,goo.ne.jp
208,kakaku.com
209,china.com.cn
210,wikimedia.org
211,nih.gov
212,taboola.com
213,abs-cbnnews.com
214,files.wordpress.com
215,avito.ru
216,comcast.net
217,bestbuy.com
218,zhihu.com
219,w3schools.com
220,pixiv.net
221,xuite.net
222,target.com
223,google.be
224,mydomainadvisor.com
225,mozilla.org
226,mediafire.com
227,ups.com
228,google.com.co
229,pclady.com.cn
230,vice.com
231,theadgateway.com
232,google.com.ng
233,telegraph.co.uk
234,google.com.sg
235,gamer.com.tw
236,livejasmin.com
237,9gag.com
238,secureserver.net
239,addthis.com
240,web.de
241,bitauto.com
242,gfycat.com
243,washingtonpost.com
244,blogfa.com
245,usps.com
246,google.ro
247,americanexpress.com
248,archive.org
249,groupon.com
250,doorblog.jp
251,gmx.net
252,wix.com
253,mailchimp.com
254,avg.com
255,badoo.com
256,sourceforge.net
257,softonic.com
258,adplxmd.com
259,xywy.com
260,office.com
261,google.com.ph
262,google.at
263,wow.com
264,google.cn
265,quikr.com
266,shutterstock.com
267,ndtv.com
268,orange.fr
269,gome.com.cn
270,youm7.com
271,google.pt
272,amazon.es
273,weebly.com
274,goodreads.com
275,dmm.com
276,wordreference.com
277,steamcommunity.com
278,caijing.com.cn
279,pandora.com
280,skype.com
281,smzdm.com
282,ask.fm
283,bild.de
284,ign.com
285,pchome.net
286,kaskus.co.id
287,mercadolivre.com.br
288,mashable.com
289,google.com.pe
290,reimageplus.com
291,force.com
292,webmd.com
293,github.io
294,youth.cn
295,webssearches.com
296,uptodown.com
297,stumbleupon.com
298,hootsuite.com
299,hulu.com
300,bilibili.com
301,google.se
302,akamaihd.net
303,hdfcbank.com
304,spiegel.de
305,teepr.com
306,capitalone.com
307,usatoday.com
308,google.ae
309,rambler.ru
310,icicibank.com
311,wp.pl
312,hp.com
313,steampowered.com
314,mlb.com
315,google.ch
316,seznam.cz
317,t-online.de
318,mama.cn
319,udn.com
320,tube8.com
321,fedex.com
322,bet365.com
323,bomb01.com
324,wsj.com
325,google.cl
326,rediff.com
327,mobile01.com
328,engadget.com
329,likes.com
330,answers.com
331,dell.com
332,truemediapipe.com
333,bleacherreport.com
334,bloomberg.com
335,detail.tmall.com
336,drseks.com
337,whatsapp.com
338,jabong.com
339,39.net
340,chinatimes.com
341,speedtest.net
342,theladbible.com
343,samsung.com
344,extratorrent.cc
345,google.no
346,hurriyet.com.tr
347,intuit.com
348,ijreview.com
349,accuweather.com
350,privatehomeclips.com
351,google.com.bd
352,nba.com
353,slickdeals.net
354,spotify.com
355,haosou.com
356,gsmarena.com
357,amazon.ca
358,media.tumblr.com
359,varzesh3.com
360,verizonwireless.com
361,vipcpms.com
362,rutracker.org
363,flirchi.com
364,google.dz
365,kompas.com
366,eastmoney.com
367,time.com
368,newegg.com
369,zendesk.com
370,gameforge.com
371,google.cz
372,infusionsoft.com
373,trackingclick.net
374,onlinesbi.com
375,ebay.in
376,2ch.net
377,iqiyi.com
378,google.co.hu
379,babytree.com
380,sabq.org
381,staticwebdom.com
382,photobucket.com
383,thefreedictionary.com
384,4shared.com
385,lifehacker.com
386,google.ie
387,ad132m.com
388,lady8844.com
389,libero.it
390,webtretho.com
391,liveinternet.ru
392,sahibinden.com
393,ltn.com.tw
394,google.co.il
395,fbcdn.net
396,tistory.com
397,evernote.com
398,kickstarter.com
399,scribd.com
400,meetup.com
401,milliyet.com.tr
402,macys.com
403,att.com
404,buzzfil.net
405,bestadbid.com
406,ero-advertising.com
407,fiverr.com
408,lowes.com
409,ck101.com
410,marca.com
411,ameba.jp
412,blog.jp
413,eksisozluk.com
414,disqus.com
415,twimg.com
416,gizmodo.com
417,livedoor.biz
418,xda-developers.com
419,oracle.com
420,justdial.com
421,bhaskar.com
422,torrentz.eu
423,chaturbate.com
424,reuters.com
425,csdn.net
426,citibank.com
427,gmarket.co.kr
428,surveymonkey.com
429,expedia.com
430,yandex.ua
431,ink361.com
432,goal.com
433,ebay.com.au
434,trello.com
435,taleo.net
436,java.com
437,autohome.com.cn
438,nyaa.se
439,rt.com
440,free.fr
441,naukri.com
442,detik.com
443,ce.cn
444,mega.co.nz
445,uploaded.net
446,list-manage.com
447,ebay.it
448,repubblica.it
449,kouclo.com
450,agoda.com
451,cloudfront.net
452,exoclick.com
453,liputan6.com
454,trulia.com
455,kooora.com
456,tlbb8.com
457,olx.in
458,theverge.com
459,albawabhnews.com
460,32d1d3b9c.se
461,icloud.com
462,ppomppu.co.kr
463,retailmenot.com
464,gap.com
465,sabah.com.tr
466,sberbank.ru
467,hupu.com
468,realtor.com
469,mobile.de
470,hdzog.com
471,google.com.my
472,elpais.com
473,hudong.com
474,doubleclick.com
475,asos.com
476,google.com.vn
477,xe.com
478,kohls.com
479,paytm.com
480,6pm.com
481,hotels.com
482,battle.net
483,irctc.co.in
484,blogimg.jp
485,nordstrom.com
486,lazada.co.id
487,kijiji.ca
488,ashleyrnadison.com
489,souq.com
490,google.fi
491,techcrunch.com
492,irs.gov
493,zippyshare.com
494,wunderground.com
495,moz.com
496,b5m.com
497,eyny.com
498,vetogate.com
499,okcupid.com
500,iplt20.com
501,kinopoisk.ru
502,google.dk
503,airbnb.com
504,tmz.com
505,rbc.ru
506,styletv.com.cn
507,4dsply.com
508,impress.co.jp
509,mercadolibre.com.ar
510,mystartsearch.com
511,onedio.com
512,constantcontact.com
513,google.sk
514,shopclues.com
515,tabelog.com
516,youboy.com
517,corriere.it
518,issuu.com
519,ptt01.cc
520,savefrom.net
521,subscene.com
522,chinaz.com
523,jqw.com
524,hm.com
525,beeg.com
526,elmundo.es
527,duckduckgo.com
528,ancestry.com
529,kayak.com
530,houzz.com
531,glassdoor.com
532,click4stat.com
533,slimspots.com
534,intoday.in
535,wonderlandads.com
536,pcpop.com
537,trklnks.com
538,independent.co.uk
539,npr.org
540,siteadvisor.com
541,goodgamestudios.com
542,nbcnews.com
543,ucoz.ru
544,haiwainet.cn
545,abcnews.go.com
546,hatena.ne.jp
547,youtube-mp3.org
548,cnzz.com
549,eonline.com
550,eastday.com
551,blogspot.jp
552,mi.com
553,enet.com.cn
554,taringa.net
555,codecanyon.net
556,ad120m.com
557,11st.co.kr
558,ganji.com
559,woot.com
560,seesaa.net
561,58.com
562,bitly.com
563,wikiwiki.jp
564,aweber.com
565,mixi.jp
566,verizon.com
567,pof.com
568,box.com
569,azlyrics.com
570,sears.com
571,playstation.com
572,moneycontrol.com
573,statcounter.com
574,gamefaqs.com
575,fidelity.com
576,sakura.ne.jp
577,ehow.com
578,youdao.com
579,streamcloud.eu
580,overstock.com
581,people.com
582,gazeta.pl
583,vnexpress.net
584,donga.com
585,nike.com
586,abril.com.br
587,lenovo.com
588,it168.com
589,nifty.com
590,eventbrite.com
591,urdupoint.com
592,costco.com
593,swagbucks.com
594,subito.it
595,olx.pl
596,appledaily.com.tw
597,jimdo.com
598,mirror.co.uk
599,instructables.com
600,southwest.com
601,shopify.com
602,domaintools.com
603,lenta.ru
604,discovercard.com
605,urbandictionary.com
606,aparat.com
607,youjizz.com
608,mercadolibre.com.ve
609,stockstar.com
610,hostgator.com
611,hespress.com
612,17ok.com
613,cbssports.com
614,torrentz.in
615,staples.com
616,ca.gov
617,drudgereport.com
618,livescore.com
619,airtel.in
620,workercn.cn
621,pch.com
622,rednet.cn
623,asana.com
624,zulily.com
625,zing.vn
626,php.net
627,interia.pl
628,allrecipes.com
629,all2lnk.com
630,pinimg.com
631,onlylady.com
632,ero-video.net
633,timeanddate.com
634,putlocker.is
635,rottentomatoes.com
636,lolwot.com
637,fanli.com
638,nydailynews.com
639,slate.com
640,squarespace.com
641,ebay.fr
642,in.com
643,dianping.com
644,gismeteo.ru
645,priceline.com
646,voc.com.cn
647,academia.edu
648,lifebuzz.com
649,blog.me
650,sex.com
651,bhphotovideo.com
652,shareba.com
653,so-net.ne.jp
654,wetransfer.com
655,bodybuilding.com
656,jrj.com.cn
657,elmogaz.com
658,ewt.cc
659,omnaling.com
660,ig.com.br
661,japanpost.jp
662,cnblogs.com
663,latimes.com
664,etao.com
665,xfinity.com
666,digikala.com
667,tnaflix.com
668,delta-homes.com
669,chip.de
670,cracked.com
671,epweike.com
672,bukalapak.com
673,globososo.com
674,slack.com
675,neobux.com
676,myntra.com
677,gawker.com
678,wired.com
679,chron.com
680,soku.com
681,pantip.com
682,el-balad.com
683,tinyurl.com
684,xunlei.com
685,chinaso.com
686,iflscience.com
687,shareasale.com
688,news.com.au
689,porn.com
690,statsmobi.com
691,cricbuzz.com
692,google.co.nz
693,commentcamarche.net
694,makemytrip.com
695,twoo.com
696,asus.com
697,wiktionary.org
698,nhl.com
699,kdnet.net
700,rapidgator.net
701,blackboard.com
702,haber7.com
703,united.com
704,biglobe.ne.jp
705,myfitnesspal.com
706,nfl.com
707,douyutv.com
708,babycenter.com
709,goo.gl
710,smartshopping.com
711,cityadspix.com
712,billdesk.com
713,googleapis.com
714,myway.com
715,williamhill.com
716,lemonde.fr
717,f54d6bf2b1.se
718,zoho.com
719,nmisr.com
720,ew.com
721,what-character-are-you.com
722,elwatannews.com
723,aa.com
724,emol.com
725,zappos.com
726,cnbc.com
727,lefigaro.fr
728,change.org
729,ci123.com
730,marketwatch.com
731,vcommission.com
732,315che.com
733,disney.go.com
734,comcast.com
735,e-hentai.org
736,pcmag.com
737,r10.net
738,vi-view.com
739,ria.ru
740,momoshop.com.tw
741,custhelp.com
742,filmon-ads.com
743,warofclicks.com
744,exblog.jp
745,atwiki.jp
746,adsrvmedia.net
747,gemius.pl
748,cookpad.com
749,medium.com
750,torcache.net
751,omiga-plus.com
752,google.com.kw
753,mercadolibre.com.mx
754,junbi-tracker.com
755,renren.com
756,lapatilla.com
757,udemy.com
758,facenama.com
759,rockstargames.com
760,foodnetwork.com
761,vine.co
762,semrush.com
763,focus.de
764,rightmove.co.uk
765,coupons.com
766,bookmyshow.com
767,usaa.com
768,sbnation.com
769,weblio.jp
770,basecamp.com
771,backpage.com
772,google.lk
773,state.gov
774,patch.com
775,drtuber.com
776,nikkei.com
777,mynet.com
778,ibm.com
779,tribunnews.com
780,wav.tv
781,milanuncios.com
782,elance.com
783,elfagr.org
784,usbank.com
785,letv.com
786,coursera.org
787,affclicker.com
788,saramin.co.kr
789,westernjournalism.com
790,thehindu.com
791,match.com
792,primewire.ag
793,sciencedirect.com
794,www.gov.uk
795,reverso.net
796,22find.com
797,delta.com
798,yandex.com.tr
799,tagged.com
800,google.bg
801,gofundme.com
802,fitbit.com
803,nate.com
804,cbsnews.com
805,ticketmaster.com
806,k618.cn
807,ted.com
808,filehippo.com
809,istartsurf.com
810,sfgate.com
811,nhk.or.jp
812,usmagazine.com
813,friv.com
814,entrepreneur.com
815,abplive.in
816,bluehost.com
817,hubspot.com
818,behance.net
819,sulekha.com
820,lequipe.fr
821,efix.com
822,webex.com
823,webcrawler.com
824,europa.eu
825,geocities.jp
826,google.rs
827,tomshardware.com
828,mayoclinic.org
829,as.com
830,ruten.com.tw
831,yandex.kz
832,gyazo.com
833,mackeeper.com
834,trovi.com
835,mihanblog.com
836,adp.com
837,novinky.cz
838,gutefrage.net
839,mackolik.com
840,yts.to
841,netteller.com
842,sky.com
843,bidvertiser.com
844,yodobashi.com
845,ytimg.com
846,mynavi.jp
847,m-w.com
848,indianrail.gov.in
849,blogspot.de
850,superuser.com
851,padsdel.com
852,auction.co.kr
853,xing.com
854,liveleak.com
855,104.com.tw
856,kotaku.com
857,jumia.com.ng
858,cbs.com
859,olx.com.br
860,track300.com
861,126.com
862,cdiscount.com
863,investopedia.com
864,sapo.pt
865,mbc.net
866,xbox.com
867,biobiochile.cl
868,gamespot.com
869,cisco.com
870,monster.com
871,safehomepage.com
872,tahrirnews.com
873,histats.com
874,prntscr.com
875,terra.com.br
876,pchome.com.tw
877,acfun.tv
878,jcpenney.com
879,yandex.by
880,cbc.ca
881,sfr.fr
882,blogspot.com.tr
883,io9.com
884,mit.edu
885,am15.net
886,almasryalyoum.com
887,ixxx.com
888,asahi.com
889,myfreecams.com
890,livestrong.com
891,india.com
892,android.com
893,blockthis.co.uk
894,dreamstime.com
895,freepik.com
896,free-tv-video-online.info
897,gumtree.com
898,sh.st
899,cpasbien.pw
900,whitepages.com
901,yellowpages.com
902,instructure.com
903,digg.com
904,suning.com
905,ccb.com
906,wetter.com
907,cbslocal.com
908,anitube.se
909,researchgate.net
910,folha.uol.com.br
911,vk.me
912,himado.in
913,nownews.com
914,pagesjaunes.fr
915,huaban.com
916,clien.net
917,lun.com
918,weather.gov
919,21cn.com
920,google.hr
921,tokopedia.com
922,4chan.org
923,itmedia.co.jp
924,rutor.org
925,popsugar.com
926,ebates.com
927,t-mobile.com
928,olx.ua
929,media-fire.org
930,audible.com
931,leagueoflegends.com
932,mapquest.com
933,1webcatalog.com
934,sahadan.com
935,wayfair.com
936,adme.ru
937,7769domain.com
938,focus.cn
939,informer.com
940,faithtap.com
941,farsnews.com
942,blogspot.ru
943,hardsextube.com
944,redfin.com
945,immobilienscout24.de
946,emgn.com
947,gazzetta.it
948,theblaze.com
949,masrawy.com
950,yhd.com
951,bahn.de
952,rakuten.ne.jp
953,amoory.com
954,google.by
955,dafont.com
956,allocine.fr
957,androidcentral.com
958,ebay.ca
959,deadspin.com
960,thedailybeast.com
961,how-old.net
962,123rf.com
963,howtogeek.com
964,hilton.com
965,prothom-alo.com
966,walgreens.com
967,forever21.com
968,xtube.com
969,2chblog.jp
970,oyunskor.com
971,iminent.com
972,scoop.it
973,qingdaonews.com
974,food.com
975,zara.com
976,smh.com.au
977,techradar.com
978,nbcsports.com
979,indianexpress.com
980,sharepoint.com
981,drom.ru
982,offpageads.com
983,typepad.com
984,adultfriendfinder.com
985,hatenablog.com
986,ampclicks.com
987,prezi.com
988,marriott.com
989,nypost.com
990,alarabiya.net
991,jobrapido.com
992,marktplaats.nl
993,tsite.jp
994,investing.com
995,gittigidiyor.com
996,4399.com
997,littlethings.com
998,deezer.com
999,mediaset.it
1000,linkwithin.com
